{"accuracy": [0.6086065769195557, 0.8624653220176697, 0.914560079574585, 0.9424710273742676, 0.9547194242477417], "loss": [1.324412226676941, 0.43680480122566223, 0.2603900134563446, 0.17783363163471222, 0.1364046335220337], "val_accuracy": [0.8457773923873901, 0.9038811922073364, 0.9410994648933411, 0.9389369487762451, 0.9552697539329529], "val_loss": [0.4886595606803894, 0.3016372621059418, 0.17943717539310455, 0.19131560623645782, 0.14614449441432953]}