{"accuracy": [0.6012945175170898, 0.8644853830337524, 0.9184579253196716, 0.9423003196716309, 0.9577779173851013], "loss": [1.3487586975097656, 0.4271017611026764, 0.25035616755485535, 0.17541013658046722, 0.12867490947246552], "val_accuracy": [0.8282495141029358, 0.9207261800765991, 0.9276121258735657, 0.9393922090530396, 0.9348964095115662], "val_loss": [0.5454086661338806, 0.24316845834255219, 0.2197393774986267, 0.18974043428897858, 0.2051859349012375]}